name,type,attack,defense,toughness,movement,wounds,flying,swashbuckler,missileImmunity,firstblow,archer,arrows,bolts,fireballs,boulders,spellcaster,limit,cost,faction,alignment,diameter,description,price,
"Deepwood Archers","creature",2,2,2,3,1,false,false,false,false,true,4,0,0,0,0,0,5,"Elf","Good","2","","0",
"Necromancer Farrenghast","creature",2,5,7,5,2,false,false,false,false,false,0,0,0,0,3,1,15,"Undead","Evil","2","","0",
"Heretic","creature",2,3,3,3,1,false,false,false,false,false,3,0,0,0,0,0,4,"Unaligned","Neutral","2","","0",
"Drake Warriors","creature",3,2,3,4,1,false,false,false,false,false,0,0,0,0,0,0,3,"Dragon","Evil","2","","0",
"Lord Vyssok","creature",2,8,5,2,2,false,true,false,false,false,0,0,0,0,0,1,10,"Dragon","Neutral","3.5","","0",
"Grugs","creature",3,3,3,3,1,false,false,false,false,false,0,0,0,0,0,0,3,"Orc","Evil","2","","0",
"Riders of the Wood","creature",5,3,4,6,1,false,false,false,false,false,0,0,0,0,0,0,7,"Elf","Good","2.5","","0",
"Deepwood Warriors","creature",3,3,3,3,1,false,false,false,false,false,0,0,0,0,0,0,4,"Elf","Good","2","","0",
"Men of the Sword","creature",3,3,3,3,1,false,false,false,false,false,0,0,0,0,0,0,4,"Acolyte","Good","2","","0",
"Tunnel Wyrm","creature",3,3,4,3,1,false,false,false,false,false,0,0,0,0,0,0,5,"Dragon","Neutral","2","","0",
"Xuland Tusk","creature",5,2,6,2,2,false,false,false,false,false,0,0,0,0,0,0,9,"Acolyte","Good","2.5","","0",
"Death Hounds","creature",4,1,1,9,1,false,false,false,false,false,0,0,0,0,0,0,6,"Undead","Evil","1.75","","0",
"Kylus, Master of the Tribes","creature",5,6,5,3,3,false,false,false,false,false,0,0,0,0,0,1,11,"Orc","Champion","2","","0",
"Fire Spouter","creature",0,1,6,1,1,false,false,false,false,true,0,0,6,0,0,0,10,"Dwarf","Neutral","2.5","","0",
"Peasants","creature",1,2,1,4,1,false,false,false,false,false,0,0,0,0,0,0,2,"Unaligned","Neutral","1.75","","0",
"Elven Warder","creature",1,4,4,3,1,false,false,false,false,false,3,0,0,0,0,0,10,"Elf","Good","2","SA: A to flip any enemy disk within 6"" one step in a directio of your choice.","0",
"Blood Spider","creature",4,2,2,4,1,false,false,false,false,false,0,2,0,0,0,0,8,"Unaligned","Neutral","1.75","","0",
"Ugg the Mean","creature",5,5,6,2,2,false,false,false,false,false,0,0,0,0,0,0,8,"Orc","Evil","2","","0",
"Hulth Regiment","creature",5,1,4,3,1,false,false,false,false,false,0,0,0,0,0,0,6,"Dwarf","Neutral","2","","0",
"Uthuk Zealots","creature",4,3,5,3,1,false,false,false,false,false,0,0,0,0,0,0,7,"Uthuk","Evil","2","","0",
"Wild Hunt Rider","creature",6,3,4,7,1,false,false,false,false,false,3,0,0,0,0,0,10,"Elf","Good","2.5","During movement, may touch friendly disks without stopping.","0",
"Stalwarts","creature",2,6,6,3,2,false,false,false,false,false,0,0,0,0,0,0,9,"Dwarf","Neutral","2","","0",
"Da'Roul Bonesplicer","creature",8,5,6,4,2,false,false,false,false,false,0,0,0,0,0,0,14,"Uthuk","Evil","2","","0",
"Ghash Zzurkan","creature",3,4,5,3,2,false,false,false,false,false,0,0,0,0,2,1,14,"Orc","Evil","1.75","","0",
"Lethuin Marksman","creature",0,2,2,3,1,false,false,false,false,true,3,0,0,0,0,0,4,"Elf","Good","2","May fire +3 Arrows if pinning a friendly Master Fletcher.","0",
"Pikemen","creature",1,6,5,2,1,false,false,false,false,false,0,0,0,0,0,0,6,"Knight","Good","2.5","","0",
"Shura Assassin","creature",6,6,2,4,1,false,false,false,false,false,0,0,0,0,0,0,10,"Uthuk","Evil","2","","0",
"Dooru Dragon","creature",8,3,5,5,1,true,false,false,false,false,0,0,0,0,0,0,13,"Dragon","Neutral","3","","0",
"Ballisters","creature",2,4,3,3,1,false,false,false,false,true,0,0,2,0,0,0,6,"Dragon","Evil","2.5","","0",
"Men at Arms","creature",3,3,2,3,1,false,false,false,false,false,0,0,0,0,0,0,4,"Knight","Good","2","","0",
"Dragonling","creature",4,1,2,9,1,true,false,false,false,false,0,0,0,0,0,0,7,"Dragon","Evil","1.75","","0",
"Woodland Skirmishers","creature",4,3,2,4,1,false,false,false,false,false,0,0,0,0,0,0,6,"Elf","Champion","2.5","","0",
"Warriors of Yllan","creature",4,2,3,3,1,false,false,false,false,false,0,0,0,0,0,0,5,"Uthuk","Evil","2","","0",
"Daqan Charger","creature",6,1,4,5,1,false,false,false,true,false,0,0,0,0,0,0,8,"Knight","Good","2.5","","0",
"Elven Dragonfly Patrol","creature",0,3,4,4,3,true,false,false,false,true,9,0,0,0,0,0,18,"Elf","Good","3.5","","0",
"Tonarr Bowmaiden","creature",1,2,3,4,1,false,false,false,false,true,0,3,3,0,0,0,8,"Elf","Good","2","May fire either Bolts or Fireballs.","0",
"Regiment of the Anvil","creature",3,3,4,3,1,false,false,false,false,false,0,0,0,0,0,0,3,"Dwarf","Neutral","2","","0",
"Master Fletcher","creature",1,2,2,3,1,false,false,false,false,false,0,3,3,0,0,0,8,"Elf","Good","2","During Missile Segment, all friendly Missle:Arrow disks within 6"" of Fletcher may fire +1 Arrows.","0",
"Shieldgrogs","creature",1,3,7,3,1,false,false,false,false,false,0,0,0,0,0,0,5,"Orc","Evil","1.75","","0",
"Festenwood Raiders","creature",4,6,5,6,1,false,false,true,true,false,3,0,0,0,0,0,9,"Elf","Good","2.5","","0",
"Undead Riders","creature",5,2,5,5,1,false,false,false,false,false,0,0,0,0,0,0,7,"Undead","Evil","2.5","","0",
"K'taza Nightwings","creature",2,1,3,6,1,true,false,false,false,false,0,2,0,0,0,0,5,"K'Ryth","Evil","1.75","","0",
"Vakazz Lord","creature",5,2,8,3,2,false,false,false,false,true,0,0,2,0,0,0,13,"Dragon","Champion","3.5","","0",
"Dunwarr Watchmen","creature",3,4,4,3,1,false,false,false,false,false,0,0,0,0,0,0,7,"Dwarf","Neutral","2","","0",
"Carpet Riders","creature",5,2,5,6,1,false,false,false,false,false,0,0,0,0,0,0,9,"Acolyte","Good","2.5","","0",
"Venomous Y'kara","creature",2,1,5,4,1,false,false,false,false,false,0,0,0,0,0,0,8,"Uthuk","Evil","2","","0",
"Grovan of the Deep","creature",6,5,5,3,3,false,false,false,false,false,0,0,0,0,0,0,11,"Dwarf","Good","2","","0",
"Dragonflight","creature",3,3,4,6,1,true,false,false,false,false,0,0,0,0,0,0,5,"Dragon","Evil","2","","0",
"Arrow","missile",2,0,0,0,1,false,false,false,false,false,0,0,0,0,0,0,0,"Unaligned","Neutral","0.625","","0",
"Forest Sentries","creature",2,2,8,4,1,false,false,false,false,false,0,0,0,0,0,0,7,"Elf","Good","2","If Sentries A to Attack an enemy Disk that is touching a Carnivorous Plant, that Disk immediately receives a Wound.","0",
"Loki Dreamweaver","creature",8,3,4,4,2,false,false,false,false,false,0,0,0,0,0,0,11,"Acolyte","Good","2","","0",
"Urgg the Really Mean","creature",6,4,6,3,2,false,false,false,false,false,0,0,0,0,0,0,11,"Orc","Evil","2","","0",
"Undead Horde","creature",2,4,3,3,1,false,false,false,false,false,0,0,0,0,0,0,4,"Undead","Evil","2","","0",
"Tyrnask X'ru","creature",10,5,8,4,3,true,false,false,false,false,0,0,2,0,3,1,25,"Dragon","Neutral","4.25","","0",
"Chak'al Star Beast","creature",5,0,5,4,1,false,false,false,false,false,0,2,0,0,0,0,6,"K'Ryth","Evil","1.75","","0",
"Nojold Explorer","creature",3,4,4,3,2,false,false,false,false,false,0,0,0,0,0,0,8,"Dwarf","Neutral","2","","0",
"Tree Ent","creature",8,1,8,2,4,false,false,false,false,false,3,0,0,0,0,0,15,"Elf","Good","3.5","","1.35",
"Nharwood Sorceress","creature",2,2,3,3,1,false,false,false,false,false,3,0,0,0,0,0,6,"Elf","Champion","2","If UA, and a friendly Spellcaster within 6"" A to cast a spell","0",
"Prince Llewellyn","creature",5,5,5,4,2,false,true,false,false,false,0,0,0,0,0,0,12,"Knight","Good","2","","0",
"Bolo Tosser","creature",3,2,6,3,1,false,false,false,false,false,0,0,0,0,0,0,6,"Dwarf","Neutral","2","","0",
"Zip","spell",0,0,0,3,1,false,false,false,false,false,3,0,0,0,1,0,3,"Acolyte","Neutral","1","","0.27",
"Trianar the Conjurer","creature",1,3,4,3,2,false,false,false,false,false,4,0,0,0,3,1,18,"Elf","Good","2","SA: A to force a friendly Conjured Disk that has been killed to Ambush Trianar and return to play, then place a wound on Trianar.","0",
"Lothari Shatterbow","creature",2,2,3,3,1,false,false,false,false,true,1,0,0,0,0,0,7,"Elf","Good","2","Activated Disks damaged by Shatterbow's Arrows do not have their A markers removed during this Remove Counters Segment.","0",
"Damlo Hammerfist","creature",5,5,6,3,3,false,false,false,false,false,0,0,0,0,0,1,10,"Dwarf","Good","2","","0",
"Prince Leronoth","creature",5,5,6,4,2,false,false,false,false,false,3,0,0,0,1,1,12,"Elf","Good","2","","0",
"Nojold Redeemer","creature",3,4,3,3,1,false,false,false,false,false,3,0,0,0,0,0,7,"Dwarf","Good","2","","0",
"Windrider","creature",5,3,3,6,1,false,false,false,false,false,0,0,0,0,0,0,9,"Elf","Good","2.5","","0",
"Y'kata Harpy","creature",3,1,4,4,1,false,false,false,false,false,0,0,0,0,0,0,3,"Uthuk","Champion","2","","0",
"Crossbows of Tuggarth","creature",2,2,4,3,1,false,false,false,false,true,0,2,0,0,0,0,6,"Dwarf","Neutral","2","","0",
"Shara Assassin","creature",6,6,2,4,1,false,false,false,false,false,0,0,0,0,0,0,0,"Uthuk","Evil","2","","0.9",
"Carnivorous Plant of Exi","creature",1,7,7,1,2,false,false,false,false,false,3,0,0,0,0,0,11,"Elf","Good","3.5","Enemy Disks with a T of 5 or less touching Carnivorous Plant have their M reduced to zero. Carnivorous Plant is a Barrier to Missle fire. Fireballs do double damage to Carnivorous Plant.","0",
"Gobog Ripper","creature",4,1,3,4,1,false,false,false,false,false,3,0,0,0,0,0,3,"Orc","Evil","2","","0",
"Desert Stalker","creature",4,1,3,3,1,false,false,false,false,false,3,0,0,0,0,0,4,"Acolyte","Champion","2","","0",
"Wylyx Drake","creature",5,2,4,4,1,true,false,false,false,false,0,0,6,0,0,0,7,"Dragon","Good","2.5","","0",
"Tunnel Rat","creature",5,2,3,3,1,false,false,false,false,false,0,0,0,0,0,0,7,"Dwarf","Neutral","2","","0",
"Heavy Horse Cavalry","creature",6,3,4,5,1,false,false,false,false,false,0,0,0,0,0,0,8,"Knight","Good","2.5","","0",
"King Falladir","creature",6,6,5,3,2,false,false,false,false,false,0,0,0,0,0,0,14,"Knight","Good","2","","0",
"Darnati Souldbinder","creature",3,3,4,4,2,false,false,false,false,false,3,0,0,0,2,0,10,"Elf","Good","2","SA: A to place a Wound Counter on a friendly Darnati Sorceress within 12"".","0",
"Servant of Yllan","creature",5,5,5,4,2,false,false,false,false,false,0,0,0,0,0,0,10,"Uthuk","Evil","2","","0",
"Exi Garden Maiden","creature",1,5,4,3,2,false,false,false,false,false,0,0,0,0,0,0,8,"Elf","Good","2","SA: A to force an A Enemy Disk within 6 to Ambush a friendly Carnivorous Plant Disk within 6 of Garden Maiden.","0",
